[
  {
    "orderId": "#281209",
    "orderDate": "7 July, 2023",
    "orderAmount": 1278.23,
    "transactionFee": 22
  },
  {
    "orderId": "#281210",
    "orderDate": "8 July, 2023",
    "orderAmount": 1345.5,
    "transactionFee": 20
  },
  {
    "orderId": "#281211",
    "orderDate": "9 July, 2023",
    "orderAmount": 980.75,
    "transactionFee": 18
  },
  {
    "orderId": "#281212",
    "orderDate": "10 July, 2023",
    "orderAmount": 765.9,
    "transactionFee": 15
  },
 
  {
    "orderId": "#281246",
    "orderDate": "13 August, 2023",
    "orderAmount": 1345.25,
    "transactionFee": 20
  },
  {
    "orderId": "#281247",
    "orderDate": "14 August, 2023",
    "orderAmount": 1570.5,
    "transactionFee": 28
  },
  {
    "orderId": "#281248",
    "orderDate": "15 August, 2023",
    "orderAmount": 910.7,
    "transactionFee": 15
  },
  {
    "orderId": "#281249",
    "orderDate": "16 August, 2023",
    "orderAmount": 1235.0,
    "transactionFee": 22
  },
  {
    "orderId": "#281250",
    "orderDate": "17 August, 2023",
    "orderAmount": 1378.8,
    "transactionFee": 25
  }
]
